RPM,Torque
2.12e-15,1325.0
954.9296586,1325.0
1909.859317,1325.0
2864.788976,1325.0
3819.718634,1100.0
4774.648293,880.0
2.12e-15,-1325.0
954.9296586,-1325.0
1909.859317,-1325.0
2864.788976,-1325.0
3819.718634,-1100.0
4774.648293,-880.0
